Owner,Name,AttrType,Visibility,True,Value,Redefines
Observations::SampleTypes::Acceleration,units,DataTypes::UnitEnum,public,true,MILLIMETER/SECOND^2,Observations::Observation::units
Observations::SampleTypes::Acceleration,type,DataTypes::DataItemTypeEnum,public,true,ACCELERATION,Observations::Observation::type
Observations::SampleTypes::AccumulatedTime,units,DataTypes::UnitEnum,public,true,SECOND,Observations::Observation::units
Observations::SampleTypes::AccumulatedTime,type,DataTypes::DataItemTypeEnum,public,true,ACCUMULATED_TIME,Observations::Observation::type
Observations::EventTypes::ActiveAxes,type,DataTypes::DataItemTypeEnum,public,true,ACTIVE_AXES,Observations::Observation::type
Observations::EventTypes::ActuatorState,type,DataTypes::DataItemTypeEnum,public,true,ACTUATOR_STATE,Observations::Observation::type
Observations::EventTypes::ActuatorState,value,Observations::EventTypes::ActuatorStateEnum,public,false,,Observations::Observation::result
Observations::EventTypes::Alarm,type,DataTypes::DataItemTypeEnum,public,true,ALARM,Observations::Observation::type
Observations::SampleTypes::Amperage,units,DataTypes::UnitEnum,public,true,AMPERE,Observations::Observation::units
Observations::SampleTypes::Amperage,type,DataTypes::DataItemTypeEnum,public,true,AMPERAGE,Observations::Observation::type
Observations::SampleTypes::AlternatingAmperage,subType,DataTypes::DataItemSubTypeEnum,public,true,ALTERNATING,Observations::Observation::subType
Observations::SampleTypes::DirectAmperage,subType,DataTypes::DataItemSubTypeEnum,public,true,DIRECT,Observations::Observation::subType
Observations::SampleTypes::ActualAmperage,subType,DataTypes::DataItemSubTypeEnum,public,true,ACTUAL,Observations::Observation::subType
Observations::SampleTypes::TargetAmperage,subType,DataTypes::DataItemSubTypeEnum,public,true,TARGET,Observations::Observation::subType
Observations::SampleTypes::Angle,units,DataTypes::UnitEnum,public,true,DEGREE,Observations::Observation::units
Observations::SampleTypes::Angle,type,DataTypes::DataItemTypeEnum,public,true,ANGLE,Observations::Observation::type
Observations::SampleTypes::CommandedAngle,subType,DataTypes::DataItemSubTypeEnum,public,true,COMMANDED,Observations::Observation::subType
Observations::SampleTypes::ActualAngle,subType,DataTypes::DataItemSubTypeEnum,public,true,ACTUAL,Observations::Observation::subType
Observations::SampleTypes::AngularAcceleration,units,DataTypes::UnitEnum,public,true,DEGREE/SECOND^2,Observations::Observation::units
Observations::SampleTypes::AngularAcceleration,type,DataTypes::DataItemTypeEnum,public,true,ANGULAR_ACCELERATION,Observations::Observation::type
Observations::SampleTypes::AngularVelocity,units,DataTypes::UnitEnum,public,true,DEGREE/SECOND,Observations::Observation::units
Observations::SampleTypes::AngularVelocity,type,DataTypes::DataItemTypeEnum,public,true,ANGULAR_VELOCITY,Observations::Observation::type
Observations::EventTypes::AssetChanged,type,DataTypes::DataItemTypeEnum,public,true,ASSET_CHANGED,Observations::Observation::type
Observations::EventTypes::AssetRemoved,type,DataTypes::DataItemTypeEnum,public,true,ASSET_REMOVED,Observations::Observation::type
Observations::EventTypes::Availability,type,DataTypes::DataItemTypeEnum,public,true,AVAILABILITY,Observations::Observation::type
Observations::EventTypes::Availability,value,Observations::EventTypes::AvailabilityEnum,public,false,,Observations::Observation::result
Observations::EventTypes::AxisCoupling,type,DataTypes::DataItemTypeEnum,public,true,AXIS_COUPLING,Observations::Observation::type
Observations::EventTypes::AxisCoupling,value,Observations::EventTypes::AxisCouplingEnum,public,false,,Observations::Observation::result
Observations::SampleTypes::AxisFeedrate,units,DataTypes::UnitEnum,public,true,MILLIMETER/SECOND,Observations::Observation::units
Observations::SampleTypes::AxisFeedrate,type,DataTypes::DataItemTypeEnum,public,true,AXIS_FEEDRATE,Observations::Observation::type
Observations::SampleTypes::ActualAxisFeedrate,subType,DataTypes::DataItemSubTypeEnum,public,true,ACTUAL,Observations::Observation::subType
Observations::SampleTypes::CommandedAxisFeedrate,subType,DataTypes::DataItemSubTypeEnum,public,true,COMMANDED,Observations::Observation::subType
Observations::SampleTypes::JogAxisFeedrate,subType,DataTypes::DataItemSubTypeEnum,public,true,JOG,Observations::Observation::subType
Observations::SampleTypes::ProgrammedAxisFeedrate,subType,DataTypes::DataItemSubTypeEnum,public,true,PROGRAMMED,Observations::Observation::subType
Observations::SampleTypes::RapidAxisFeedrate,subType,DataTypes::DataItemSubTypeEnum,public,true,RAPID,Observations::Observation::subType
Observations::SampleTypes::OverrideAxisFeedrate,subType,DataTypes::DataItemSubTypeEnum,public,true,OVERRIDE,Observations::Observation::subType
Observations::EventTypes::AxisFeedrateOverride,type,DataTypes::DataItemTypeEnum,public,true,AXIS_FEEDRATE_OVERRIDE,Observations::Observation::type
Observations::EventTypes::JogAxisFeedrateOverride,subType,DataTypes::DataItemSubTypeEnum,public,true,JOG,Observations::Observation::subType
Observations::EventTypes::ProgrammedAxisFeedrateOverride,subType,DataTypes::DataItemSubTypeEnum,public,true,PROGRAMMED,Observations::Observation::subType
Observations::EventTypes::RapidAxisFeedrateOverride,subType,DataTypes::DataItemSubTypeEnum,public,true,RAPID,Observations::Observation::subType
Observations::EventTypes::AxisInterlock,type,DataTypes::DataItemTypeEnum,public,true,AXIS_INTERLOCK,Observations::Observation::type
Observations::EventTypes::AxisInterlock,value,Observations::EventTypes::ActuatorStateEnum,public,false,,Observations::Observation::result
Observations::EventTypes::AxisState,type,DataTypes::DataItemTypeEnum,public,true,AXIS_STATE,Observations::Observation::type
Observations::EventTypes::AxisState,value,Observations::EventTypes::AxisStateEnum,public,false,,Observations::Observation::result
Observations::EventTypes::Block,type,DataTypes::DataItemTypeEnum,public,true,BLOCK,Observations::Observation::type
Observations::EventTypes::BlockCount,type,DataTypes::DataItemTypeEnum,public,true,BLOCK_COUNT,Observations::Observation::type
Observations::SampleTypes::CapacityFluid,units,DataTypes::UnitEnum,public,true,MILLILITER,Observations::Observation::units
Observations::SampleTypes::CapacityFluid,type,DataTypes::DataItemTypeEnum,public,true,CAPACITY_FLUID,Observations::Observation::type
Observations::SampleTypes::CapacitySpatial,units,DataTypes::UnitEnum,public,true,CUBIC_MILLIMETER,Observations::Observation::units
Observations::SampleTypes::CapacitySpatial,type,DataTypes::DataItemTypeEnum,public,true,CAPACITY_SPATIAL,Observations::Observation::type
Observations::EventTypes::ChuckInterlock,type,DataTypes::DataItemTypeEnum,public,true,CHUCK_INTERLOCK,Observations::Observation::type
Observations::EventTypes::ChuckInterlock,value,Observations::EventTypes::ActuatorStateEnum,public,false,,Observations::Observation::result
Observations::EventTypes::ManualUnclampChuckInterlock,subType,DataTypes::DataItemSubTypeEnum,public,true,MANUAL_UNCLAMP,Observations::Observation::subType
Observations::EventTypes::ChuckState,type,DataTypes::DataItemTypeEnum,public,true,CHUCK_STATE,Observations::Observation::type
Observations::EventTypes::ChuckState,value,Observations::EventTypes::ChuckStateEnum,public,false,,Observations::Observation::result
Observations::SampleTypes::ClockTime,units,DataTypes::UnitEnum,public,true,yyyy-mm-ddthh:mm:ss.ffff,Observations::Observation::units
Observations::SampleTypes::ClockTime,type,DataTypes::DataItemTypeEnum,public,true,CLOCK_TIME,Observations::Observation::type
Observations::EventTypes::CloseChuck,type,DataTypes::DataItemTypeEnum,public,true,CLOSE_CHUCK,Observations::Observation::type
Observations::EventTypes::CloseDoor,type,DataTypes::DataItemTypeEnum,public,true,CLOSE_DOOR,Observations::Observation::type
Observations::EventTypes::Code,type,DataTypes::DataItemTypeEnum,public,true,CODE,Observations::Observation::type
Observations::ConditionTypes::Communications,type,DataTypes::DataItemTypeEnum,public,true,COMMUNICATIONS,Observations::Observation::type
Observations::EventTypes::CompositionState,type,DataTypes::DataItemTypeEnum,public,true,COMPOSITION_STATE,Observations::Observation::type
Observations::EventTypes::ActionCompositionState,subType,DataTypes::DataItemSubTypeEnum,public,true,ACTION,Observations::Observation::subType
Observations::EventTypes::LateralCompositionState,subType,DataTypes::DataItemSubTypeEnum,public,true,LATERAL,Observations::Observation::subType
Observations::EventTypes::MotionCompositionState,subType,DataTypes::DataItemSubTypeEnum,public,true,MOTION,Observations::Observation::subType
Observations::EventTypes::SwitchedCompositionState,subType,DataTypes::DataItemSubTypeEnum,public,true,SWITCHED,Observations::Observation::subType
Observations::EventTypes::VerticalCompositionState,subType,DataTypes::DataItemSubTypeEnum,public,true,VERTICAL,Observations::Observation::subType
Observations::SampleTypes::Concentration,units,DataTypes::UnitEnum,public,true,PERCENT,Observations::Observation::units
Observations::SampleTypes::Concentration,type,DataTypes::DataItemTypeEnum,public,true,CONCENTRATION,Observations::Observation::type
Observations::SampleTypes::Conductivity,units,DataTypes::UnitEnum,public,true,SIEMENS/METER,Observations::Observation::units
Observations::SampleTypes::Conductivity,type,DataTypes::DataItemTypeEnum,public,true,CONDUCTIVITY,Observations::Observation::type
Observations::EventTypes::ControllerMode,type,DataTypes::DataItemTypeEnum,public,true,CONTROLLER_MODE,Observations::Observation::type
Observations::EventTypes::ControllerMode,value,Observations::EventTypes::ControllerModeEnum,public,false,,Observations::Observation::result
Observations::EventTypes::ControllerModeOverride,type,DataTypes::DataItemTypeEnum,public,true,CONTROLLER_MODE_OVERRIDE,Observations::Observation::type
Observations::EventTypes::ControllerModeOverride,value,Observations::EventTypes::ControllerModeOverrideEnum,public,false,,Observations::Observation::result
Observations::EventTypes::DryRunControllerModeOverride,subType,DataTypes::DataItemSubTypeEnum,public,true,DRY_RUN,Observations::Observation::subType
Observations::EventTypes::SingleBlockControllerModeOverride,subType,DataTypes::DataItemSubTypeEnum,public,true,SINGLE_BLOCK,Observations::Observation::subType
Observations::EventTypes::MachineAxisLockControllerModeOverride,subType,DataTypes::DataItemSubTypeEnum,public,true,MACHINE_AXIS_LOCK,Observations::Observation::subType
Observations::EventTypes::OptionalStopControllerModeOverride,subType,DataTypes::DataItemSubTypeEnum,public,true,OPTIONAL_STOP,Observations::Observation::subType
Observations::EventTypes::ToolChangeStopControllerModeOverride,subType,DataTypes::DataItemSubTypeEnum,public,true,TOOL_CHANGE_STOP,Observations::Observation::subType
Observations::EventTypes::CoupledAxes,type,DataTypes::DataItemTypeEnum,public,true,COUPLED_AXES,Observations::Observation::type
Observations::SampleTypes::CuttingSpeed,units,DataTypes::UnitEnum,public,true,MILLIMETER/SECOND,Observations::Observation::units
Observations::SampleTypes::CuttingSpeed,type,DataTypes::DataItemTypeEnum,public,true,CUTTING_SPEED,Observations::Observation::type
Observations::SampleTypes::ActualCuttingSpeed,subType,DataTypes::DataItemSubTypeEnum,public,true,ACTUAL,Observations::Observation::subType
Observations::SampleTypes::CommandedCuttingSpeed,subType,DataTypes::DataItemSubTypeEnum,public,true,COMMANDED,Observations::Observation::subType
Observations::SampleTypes::ProgrammedCuttingSpeed,subType,DataTypes::DataItemSubTypeEnum,public,true,PROGRAMMED,Observations::Observation::subType
Observations::ConditionTypes::DataRange,type,DataTypes::DataItemTypeEnum,public,true,DATA_RANGE,Observations::Observation::type
Observations::EventTypes::DateCode,type,DataTypes::DataItemTypeEnum,public,true,DATE_CODE,Observations::Observation::type
Observations::EventTypes::ManufactureDateCode,subType,DataTypes::DataItemSubTypeEnum,public,true,MANUFACTURE,Observations::Observation::subType
Observations::EventTypes::ExpirationDateCode,subType,DataTypes::DataItemSubTypeEnum,public,true,EXPIRATION,Observations::Observation::subType
Observations::EventTypes::FirstUseDateCode,subType,DataTypes::DataItemSubTypeEnum,public,true,FIRST_USE,Observations::Observation::subType
Observations::SampleTypes::Density,units,DataTypes::UnitEnum,public,true,MILLIGRAM/CUBIC_MILLIMETER,Observations::Observation::units
Observations::SampleTypes::Density,type,DataTypes::DataItemTypeEnum,public,true,DENSITY,Observations::Observation::type
Observations::SampleTypes::DepositionAccelerationVolumetric,units,DataTypes::UnitEnum,public,true,CUBIC_MILLIMETER/SECOND^2,Observations::Observation::units
Observations::SampleTypes::DepositionAccelerationVolumetric,type,DataTypes::DataItemTypeEnum,public,true,DEPOSITION_ACCELERATION_VOLUMETRIC,Observations::Observation::type
Observations::SampleTypes::ActualDepositionAccelerationVolumetric,subType,DataTypes::DataItemSubTypeEnum,public,true,ACTUAL,Observations::Observation::subType
Observations::SampleTypes::CommandedDepositionAccelerationVolumetric,subType,DataTypes::DataItemSubTypeEnum,public,true,COMMANDED,Observations::Observation::subType
Observations::SampleTypes::DepositionDensity,units,DataTypes::UnitEnum,public,true,MILLIGRAM/CUBIC_MILLIMETER,Observations::Observation::units
Observations::SampleTypes::DepositionDensity,type,DataTypes::DataItemTypeEnum,public,true,DEPOSITION_DENSITY,Observations::Observation::type
Observations::SampleTypes::ActualDepositionDensity,subType,DataTypes::DataItemSubTypeEnum,public,true,ACTUAL,Observations::Observation::subType
Observations::SampleTypes::CommandedDepositionDensity,subType,DataTypes::DataItemSubTypeEnum,public,true,COMMANDED,Observations::Observation::subType
Observations::SampleTypes::DepositionMass,units,DataTypes::UnitEnum,public,true,MILLIGRAM,Observations::Observation::units
Observations::SampleTypes::DepositionMass,type,DataTypes::DataItemTypeEnum,public,true,DEPOSITION_MASS,Observations::Observation::type
Observations::SampleTypes::ActualDepositionMass,subType,DataTypes::DataItemSubTypeEnum,public,true,ACTUAL,Observations::Observation::subType
Observations::SampleTypes::CommandedDepositionMass,subType,DataTypes::DataItemSubTypeEnum,public,true,COMMANDED,Observations::Observation::subType
Observations::SampleTypes::DepositionRateVolumetric,units,DataTypes::UnitEnum,public,true,CUBIC_MILLIMETER/SECOND,Observations::Observation::units
Observations::SampleTypes::DepositionRateVolumetric,type,DataTypes::DataItemTypeEnum,public,true,DEPOSITION_RATE_VOLUMETRIC,Observations::Observation::type
Observations::SampleTypes::ActualDepositionRateVolumetric,subType,DataTypes::DataItemSubTypeEnum,public,true,ACTUAL,Observations::Observation::subType
Observations::SampleTypes::CommandedDepositionRateVolumetric,subType,DataTypes::DataItemSubTypeEnum,public,true,COMMANDED,Observations::Observation::subType
Observations::SampleTypes::DepositionVolume,units,DataTypes::UnitEnum,public,true,CUBIC_MILLIMETER,Observations::Observation::units
Observations::SampleTypes::DepositionVolume,type,DataTypes::DataItemTypeEnum,public,true,DEPOSITION_VOLUME,Observations::Observation::type
Observations::SampleTypes::ActualDepositionVolume,subType,DataTypes::DataItemSubTypeEnum,public,true,ACTUAL,Observations::Observation::subType
Observations::SampleTypes::CommandedDepositionVolume,subType,DataTypes::DataItemSubTypeEnum,public,true,COMMANDED,Observations::Observation::subType
Observations::EventTypes::DeviceUuid,type,DataTypes::DataItemTypeEnum,public,true,DEVICE_UUID,Observations::Observation::type
Observations::EventTypes::Direction,type,DataTypes::DataItemTypeEnum,public,true,DIRECTION,Observations::Observation::type
Observations::EventTypes::RotaryDirection,subType,DataTypes::DataItemSubTypeEnum,public,true,ROTARY,Observations::Observation::subType
Observations::EventTypes::LinearDirection,subType,DataTypes::DataItemSubTypeEnum,public,true,LINEAR,Observations::Observation::subType
Observations::SampleTypes::Displacement,units,DataTypes::UnitEnum,public,true,MILLIMETER,Observations::Observation::units
Observations::SampleTypes::Displacement,type,DataTypes::DataItemTypeEnum,public,true,DISPLACEMENT,Observations::Observation::type
Observations::EventTypes::DoorState,type,DataTypes::DataItemTypeEnum,public,true,DOOR_STATE,Observations::Observation::type
Observations::EventTypes::DoorState,value,Observations::EventTypes::ChuckStateEnum,public,false,,Observations::Observation::result
Observations::SampleTypes::ElectricalEnergy,units,DataTypes::UnitEnum,public,true,WATT_SECOND,Observations::Observation::units
Observations::SampleTypes::ElectricalEnergy,type,DataTypes::DataItemTypeEnum,public,true,ELECTRICAL_ENERGY,Observations::Observation::type
Observations::EventTypes::EmergencyStop,type,DataTypes::DataItemTypeEnum,public,true,EMERGENCY_STOP,Observations::Observation::type
Observations::EventTypes::EmergencyStop,value,Observations::EventTypes::EmergencyStopEnum,public,false,,Observations::Observation::result
Observations::EventTypes::EndOfBar,type,DataTypes::DataItemTypeEnum,public,true,END_OF_BAR,Observations::Observation::type
Observations::EventTypes::EndOfBar,value,Observations::EventTypes::EndOfBarEnum,public,false,,Observations::Observation::result
Observations::EventTypes::PrimaryEndOfBar,subType,DataTypes::DataItemSubTypeEnum,public,true,PRIMARY,Observations::Observation::subType
Observations::EventTypes::AuxiliaryEndOfBar,subType,DataTypes::DataItemSubTypeEnum,public,true,AUXILIARY,Observations::Observation::subType
Observations::EventTypes::EquipmentMode,type,DataTypes::DataItemTypeEnum,public,true,EQUIPMENT_MODE,Observations::Observation::type
Observations::EventTypes::EquipmentMode,value,Observations::EventTypes::ControllerModeOverrideEnum,public,false,,Observations::Observation::result
Observations::EventTypes::LoadedEquipmentMode,subType,DataTypes::DataItemSubTypeEnum,public,true,LOADED,Observations::Observation::subType
Observations::EventTypes::WorkingEquipmentMode,subType,DataTypes::DataItemSubTypeEnum,public,true,WORKING,Observations::Observation::subType
Observations::EventTypes::OperatingEquipmentMode,subType,DataTypes::DataItemSubTypeEnum,public,true,OPERATING,Observations::Observation::subType
Observations::EventTypes::PoweredEquipmentMode,subType,DataTypes::DataItemSubTypeEnum,public,true,POWERED,Observations::Observation::subType
Observations::EventTypes::DelayEquipmentMode,subType,DataTypes::DataItemSubTypeEnum,public,true,DELAY,Observations::Observation::subType
Observations::SampleTypes::EquipmentTimer,units,DataTypes::UnitEnum,public,true,SECOND,Observations::Observation::units
Observations::SampleTypes::EquipmentTimer,type,DataTypes::DataItemTypeEnum,public,true,EQUIPMENT_TIMER,Observations::Observation::type
Observations::SampleTypes::LoadedEquipmentTimer,subType,DataTypes::DataItemSubTypeEnum,public,true,LOADED,Observations::Observation::subType
Observations::SampleTypes::WorkingEquipmentTimer,subType,DataTypes::DataItemSubTypeEnum,public,true,WORKING,Observations::Observation::subType
Observations::SampleTypes::OperatingEquipmentTimer,subType,DataTypes::DataItemSubTypeEnum,public,true,OPERATING,Observations::Observation::subType
Observations::SampleTypes::PoweredEquipmentTimer,subType,DataTypes::DataItemSubTypeEnum,public,true,POWERED,Observations::Observation::subType
Observations::SampleTypes::DelayEquipmentTimer,subType,DataTypes::DataItemSubTypeEnum,public,true,DELAY,Observations::Observation::subType
Observations::EventTypes::Execution,type,DataTypes::DataItemTypeEnum,public,true,EXECUTION,Observations::Observation::type
Observations::EventTypes::Execution,value,Observations::EventTypes::ExecutionEnum,public,false,,Observations::Observation::result
Observations::SampleTypes::FillLevel,units,DataTypes::UnitEnum,public,true,PERCENT,Observations::Observation::units
Observations::SampleTypes::FillLevel,type,DataTypes::DataItemTypeEnum,public,true,FILL_LEVEL,Observations::Observation::type
Observations::SampleTypes::Flow,units,DataTypes::UnitEnum,public,true,LITER/SECOND,Observations::Observation::units
Observations::SampleTypes::Flow,type,DataTypes::DataItemTypeEnum,public,true,FLOW,Observations::Observation::type
Observations::SampleTypes::Frequency,units,DataTypes::UnitEnum,public,true,HERTZ,Observations::Observation::units
Observations::SampleTypes::Frequency,type,DataTypes::DataItemTypeEnum,public,true,FREQUENCY,Observations::Observation::type
Observations::EventTypes::FunctionalMode,type,DataTypes::DataItemTypeEnum,public,true,FUNCTIONAL_MODE,Observations::Observation::type
Observations::EventTypes::FunctionalMode,value,Observations::EventTypes::FunctionalModeEnum,public,false,,Observations::Observation::result
Observations::SampleTypes::GlobalPosition,type,DataTypes::DataItemTypeEnum,public,true,GLOBAL_POSITION,Observations::Observation::type
Observations::EventTypes::Hardness,type,DataTypes::DataItemTypeEnum,public,true,HARDNESS,Observations::Observation::type
Observations::EventTypes::RockwellHardness,subType,DataTypes::DataItemSubTypeEnum,public,true,ROCKWELL,Observations::Observation::subType
Observations::EventTypes::VickersHardness,subType,DataTypes::DataItemSubTypeEnum,public,true,VICKERS,Observations::Observation::subType
Observations::EventTypes::ShoreHardness,subType,DataTypes::DataItemSubTypeEnum,public,true,SHORE,Observations::Observation::subType
Observations::EventTypes::BrinellHardness,subType,DataTypes::DataItemSubTypeEnum,public,true,BRINELL,Observations::Observation::subType
Observations::EventTypes::LeebHardness,subType,DataTypes::DataItemSubTypeEnum,public,true,LEEB,Observations::Observation::subType
Observations::EventTypes::MohsHardness,subType,DataTypes::DataItemSubTypeEnum,public,true,MOHS,Observations::Observation::subType
Observations::ConditionTypes::Hardware,type,DataTypes::DataItemTypeEnum,public,true,HARDWARE,Observations::Observation::type
Observations::EventTypes::InterfaceState,type,DataTypes::DataItemTypeEnum,public,true,INTERFACE_STATE,Observations::Observation::type
Observations::EventTypes::InterfaceState,value,Observations::EventTypes::InterfaceStateEnum,public,false,,Observations::Observation::result
Observations::SampleTypes::Length,units,DataTypes::UnitEnum,public,true,MILLIMETER,Observations::Observation::units
Observations::SampleTypes::Length,type,DataTypes::DataItemTypeEnum,public,true,LENGTH,Observations::Observation::type
Observations::SampleTypes::StandardLength,subType,DataTypes::DataItemSubTypeEnum,public,true,STANDARD,Observations::Observation::subType
Observations::SampleTypes::RemainingLength,subType,DataTypes::DataItemSubTypeEnum,public,true,REMAINING,Observations::Observation::subType
Observations::SampleTypes::UseableLength,subType,DataTypes::DataItemSubTypeEnum,public,true,USEABLE,Observations::Observation::subType
Observations::SampleTypes::Level,type,DataTypes::DataItemTypeEnum,public,true,LEVEL,Observations::Observation::type
Observations::EventTypes::Line,type,DataTypes::DataItemTypeEnum,public,true,LINE,Observations::Observation::type
Observations::EventTypes::MaximumLine,subType,DataTypes::DataItemSubTypeEnum,public,true,MAXIMUM,Observations::Observation::subType
Observations::EventTypes::MinimumLine,subType,DataTypes::DataItemSubTypeEnum,public,true,MINIMUM,Observations::Observation::subType
Observations::SampleTypes::LinearForce,units,DataTypes::UnitEnum,public,true,NEWTON,Observations::Observation::units
Observations::SampleTypes::LinearForce,type,DataTypes::DataItemTypeEnum,public,true,LINEAR_FORCE,Observations::Observation::type
Observations::EventTypes::LineLabel,type,DataTypes::DataItemTypeEnum,public,true,LINE_LABEL,Observations::Observation::type
Observations::EventTypes::LineNumber,type,DataTypes::DataItemTypeEnum,public,true,LINE_NUMBER,Observations::Observation::type
Observations::EventTypes::AbsoluteLineNumber,subType,DataTypes::DataItemSubTypeEnum,public,true,ABSOLUTE,Observations::Observation::subType
Observations::EventTypes::IncrementalLineNumber,subType,DataTypes::DataItemSubTypeEnum,public,true,INCREMENTAL,Observations::Observation::subType
Observations::SampleTypes::Load,units,DataTypes::UnitEnum,public,true,PERCENT,Observations::Observation::units
Observations::SampleTypes::Load,type,DataTypes::DataItemTypeEnum,public,true,LOAD,Observations::Observation::type
Observations::ConditionTypes::LogicProgram,type,DataTypes::DataItemTypeEnum,public,true,LOGIC_PROGRAM,Observations::Observation::type
Observations::SampleTypes::Mass,units,DataTypes::UnitEnum,public,true,KILOGRAM,Observations::Observation::units
Observations::SampleTypes::Mass,type,DataTypes::DataItemTypeEnum,public,true,MASS,Observations::Observation::type
Observations::EventTypes::Material,type,DataTypes::DataItemTypeEnum,public,true,MATERIAL,Observations::Observation::type
Observations::EventTypes::MaterialChange,type,DataTypes::DataItemTypeEnum,public,true,MATERIAL_CHANGE,Observations::Observation::type
Observations::EventTypes::MaterialFeed,type,DataTypes::DataItemTypeEnum,public,true,MATERIAL_FEED,Observations::Observation::type
Observations::EventTypes::MaterialLayer,type,DataTypes::DataItemTypeEnum,public,true,MATERIAL_LAYER,Observations::Observation::type
Observations::EventTypes::ActualMaterialLayer,subType,DataTypes::DataItemSubTypeEnum,public,true,ACTUAL,Observations::Observation::subType
Observations::EventTypes::TargetMaterialLayer,subType,DataTypes::DataItemSubTypeEnum,public,true,TARGET,Observations::Observation::subType
Observations::EventTypes::MaterialLoad,type,DataTypes::DataItemTypeEnum,public,true,MATERIAL_LOAD,Observations::Observation::type
Observations::EventTypes::MaterialRetract,type,DataTypes::DataItemTypeEnum,public,true,MATERIAL_RETRACT,Observations::Observation::type
Observations::EventTypes::MaterialUnload,type,DataTypes::DataItemTypeEnum,public,true,MATERIAL_UNLOAD,Observations::Observation::type
Observations::EventTypes::Message,type,DataTypes::DataItemTypeEnum,public,true,MESSAGE,Observations::Observation::type
Observations::ConditionTypes::MotionProgram,type,DataTypes::DataItemTypeEnum,public,true,MOTION_PROGRAM,Observations::Observation::type
Observations::EventTypes::OpenChuck,type,DataTypes::DataItemTypeEnum,public,true,OPEN_CHUCK,Observations::Observation::type
Observations::EventTypes::OpenDoor,type,DataTypes::DataItemTypeEnum,public,true,OPEN_DOOR,Observations::Observation::type
Observations::EventTypes::OperatorId,type,DataTypes::DataItemTypeEnum,public,true,OPERATOR_ID,Observations::Observation::type
Observations::EventTypes::PalletId,type,DataTypes::DataItemTypeEnum,public,true,PALLET_ID,Observations::Observation::type
Observations::EventTypes::PartChange,type,DataTypes::DataItemTypeEnum,public,true,PART_CHANGE,Observations::Observation::type
Observations::EventTypes::PartCount,type,DataTypes::DataItemTypeEnum,public,true,PART_COUNT,Observations::Observation::type
Observations::EventTypes::AllPartCount,subType,DataTypes::DataItemSubTypeEnum,public,true,ALL,Observations::Observation::subType
Observations::EventTypes::GoodPartCount,subType,DataTypes::DataItemSubTypeEnum,public,true,GOOD,Observations::Observation::subType
Observations::EventTypes::BadPartCount,subType,DataTypes::DataItemSubTypeEnum,public,true,BAD,Observations::Observation::subType
Observations::EventTypes::TargetPartCount,subType,DataTypes::DataItemSubTypeEnum,public,true,TARGET,Observations::Observation::subType
Observations::EventTypes::RemainingPartCount,subType,DataTypes::DataItemSubTypeEnum,public,true,REMAINING,Observations::Observation::subType
Observations::EventTypes::PartDetect,type,DataTypes::DataItemTypeEnum,public,true,PART_DETECT,Observations::Observation::type
Observations::EventTypes::PartId,type,DataTypes::DataItemTypeEnum,public,true,PART_ID,Observations::Observation::type
Observations::EventTypes::PartNumber,type,DataTypes::DataItemTypeEnum,public,true,PART_NUMBER,Observations::Observation::type
Observations::SampleTypes::PathFeedrate,units,DataTypes::UnitEnum,public,true,MILLIMETER/SECOND,Observations::Observation::units
Observations::SampleTypes::PathFeedrate,type,DataTypes::DataItemTypeEnum,public,true,PATH_FEEDRATE,Observations::Observation::type
Observations::SampleTypes::ActualPathFeedrate,subType,DataTypes::DataItemSubTypeEnum,public,true,ACTUAL,Observations::Observation::subType
Observations::SampleTypes::CommandedPathFeedrate,subType,DataTypes::DataItemSubTypeEnum,public,true,COMMANDED,Observations::Observation::subType
Observations::SampleTypes::JogPathFeedrate,subType,DataTypes::DataItemSubTypeEnum,public,true,JOG,Observations::Observation::subType
Observations::SampleTypes::ProgrammedPathFeedrate,subType,DataTypes::DataItemSubTypeEnum,public,true,PROGRAMMED,Observations::Observation::subType
Observations::SampleTypes::RapidPathFeedrate,subType,DataTypes::DataItemSubTypeEnum,public,true,RAPID,Observations::Observation::subType
Observations::SampleTypes::OverridePathFeedrate,subType,DataTypes::DataItemSubTypeEnum,public,true,OVERRIDE,Observations::Observation::subType
Observations::EventTypes::PathFeedrateOverride,type,DataTypes::DataItemTypeEnum,public,true,PATH_FEEDRATE_OVERRIDE,Observations::Observation::type
Observations::EventTypes::JogPathFeedrateOverride,subType,DataTypes::DataItemSubTypeEnum,public,true,JOG,Observations::Observation::subType
Observations::EventTypes::ProgrammedPathFeedrateOverride,subType,DataTypes::DataItemSubTypeEnum,public,true,PROGRAMMED,Observations::Observation::subType
Observations::EventTypes::RapidPathFeedrateOverride,subType,DataTypes::DataItemSubTypeEnum,public,true,RAPID,Observations::Observation::subType
Observations::SampleTypes::PathFeedratePerRevolution,units,DataTypes::UnitEnum,public,true,MILLIMETER/REVOLUTION,Observations::Observation::units
Observations::SampleTypes::PathFeedratePerRevolution,type,DataTypes::DataItemTypeEnum,public,true,PATH_FEEDRATE_PER_REVOLUTION,Observations::Observation::type
Observations::SampleTypes::ActualPathFeedratePerRevolution,subType,DataTypes::DataItemSubTypeEnum,public,true,ACTUAL,Observations::Observation::subType
Observations::SampleTypes::CommandedPathFeedratePerRevolution,subType,DataTypes::DataItemSubTypeEnum,public,true,COMMANDED,Observations::Observation::subType
Observations::SampleTypes::ProgrammedPathFeedratePerRevolution,subType,DataTypes::DataItemSubTypeEnum,public,true,PROGRAMMED,Observations::Observation::subType
Observations::EventTypes::PathMode,type,DataTypes::DataItemTypeEnum,public,true,PATH_MODE,Observations::Observation::type
Observations::EventTypes::PathMode,value,Observations::EventTypes::PathModeEnum,public,false,,Observations::Observation::result
Observations::SampleTypes::PathPosition,units,DataTypes::UnitEnum,public,true,MILLIMETER_3D,Observations::Observation::units
Observations::SampleTypes::PathPosition,type,DataTypes::DataItemTypeEnum,public,true,PATH_POSITION,Observations::Observation::type
Observations::SampleTypes::ActualPathPosition,subType,DataTypes::DataItemSubTypeEnum,public,true,ACTUAL,Observations::Observation::subType
Observations::SampleTypes::CommandedPathPosition,subType,DataTypes::DataItemSubTypeEnum,public,true,COMMANDED,Observations::Observation::subType
Observations::SampleTypes::TargetPathPosition,subType,DataTypes::DataItemSubTypeEnum,public,true,TARGET,Observations::Observation::subType
Observations::SampleTypes::ProbePathPosition,subType,DataTypes::DataItemSubTypeEnum,public,true,PROBE,Observations::Observation::subType
Observations::SampleTypes::PH,units,DataTypes::UnitEnum,public,true,PH,Observations::Observation::units
Observations::SampleTypes::PH,type,DataTypes::DataItemTypeEnum,public,true,PH,Observations::Observation::type
Observations::SampleTypes::Position,units,DataTypes::UnitEnum,public,true,MILLIMETER,Observations::Observation::units
Observations::SampleTypes::Position,type,DataTypes::DataItemTypeEnum,public,true,POSITION,Observations::Observation::type
Observations::SampleTypes::ActualPosition,subType,DataTypes::DataItemSubTypeEnum,public,true,ACTUAL,Observations::Observation::subType
Observations::SampleTypes::CommandedPosition,subType,DataTypes::DataItemSubTypeEnum,public,true,COMMANDED,Observations::Observation::subType
Observations::SampleTypes::ProgrammedPosition,subType,DataTypes::DataItemSubTypeEnum,public,true,PROGRAMMED,Observations::Observation::subType
Observations::SampleTypes::TargetPosition,subType,DataTypes::DataItemSubTypeEnum,public,true,TARGET,Observations::Observation::subType
Observations::SampleTypes::PowerFactor,units,DataTypes::UnitEnum,public,true,PERCENT,Observations::Observation::units
Observations::SampleTypes::PowerFactor,type,DataTypes::DataItemTypeEnum,public,true,POWER_FACTOR,Observations::Observation::type
Observations::EventTypes::PowerState,type,DataTypes::DataItemTypeEnum,public,true,POWER_STATE,Observations::Observation::type
Observations::EventTypes::PowerState,value,Observations::EventTypes::ControllerModeOverrideEnum,public,false,,Observations::Observation::result
Observations::EventTypes::LinePowerState,subType,DataTypes::DataItemSubTypeEnum,public,true,LINE,Observations::Observation::subType
Observations::EventTypes::ControlPowerState,subType,DataTypes::DataItemSubTypeEnum,public,true,CONTROL,Observations::Observation::subType
Observations::EventTypes::PowerStatus,type,DataTypes::DataItemTypeEnum,public,true,POWER_STATUS,Observations::Observation::type
Observations::SampleTypes::Pressure,units,DataTypes::UnitEnum,public,true,PASCAL,Observations::Observation::units
Observations::SampleTypes::Pressure,type,DataTypes::DataItemTypeEnum,public,true,PRESSURE,Observations::Observation::type
Observations::EventTypes::ProcessTime,type,DataTypes::DataItemTypeEnum,public,true,PROCESS_TIME,Observations::Observation::type
Observations::EventTypes::StartProcessTime,subType,DataTypes::DataItemSubTypeEnum,public,true,START,Observations::Observation::subType
Observations::EventTypes::CompleteProcessTime,subType,DataTypes::DataItemSubTypeEnum,public,true,COMPLETE,Observations::Observation::subType
Observations::EventTypes::TargetCompletionProcessTime,subType,DataTypes::DataItemSubTypeEnum,public,true,TARGET_COMPLETION,Observations::Observation::subType
Observations::SampleTypes::ProcessTimer,units,DataTypes::UnitEnum,public,true,SECOND,Observations::Observation::units
Observations::SampleTypes::ProcessTimer,type,DataTypes::DataItemTypeEnum,public,true,PROCESS_TIMER,Observations::Observation::type
Observations::SampleTypes::ProcessProcessTimer,subType,DataTypes::DataItemSubTypeEnum,public,true,PROCESS,Observations::Observation::subType
Observations::SampleTypes::DelayProcessTimer,subType,DataTypes::DataItemSubTypeEnum,public,true,DELAY,Observations::Observation::subType
Observations::EventTypes::Program,type,DataTypes::DataItemTypeEnum,public,true,PROGRAM,Observations::Observation::type
Observations::EventTypes::ProgramComment,type,DataTypes::DataItemTypeEnum,public,true,PROGRAM_COMMENT,Observations::Observation::type
Observations::EventTypes::ProgramEdit,type,DataTypes::DataItemTypeEnum,public,true,PROGRAM_EDIT,Observations::Observation::type
Observations::EventTypes::ProgramEdit,value,Observations::EventTypes::ProgramEditEnum,public,false,,Observations::Observation::result
Observations::EventTypes::ProgramEditName,type,DataTypes::DataItemTypeEnum,public,true,PROGRAM_EDIT_NAME,Observations::Observation::type
Observations::EventTypes::ProgramHeader,type,DataTypes::DataItemTypeEnum,public,true,PROGRAM_HEADER,Observations::Observation::type
Observations::EventTypes::ProgramLocation,type,DataTypes::DataItemTypeEnum,public,true,PROGRAM_LOCATION,Observations::Observation::type
Observations::EventTypes::ScheduleProgramLocation,subType,DataTypes::DataItemSubTypeEnum,public,true,SCHEDULE,Observations::Observation::subType
Observations::EventTypes::MainProgramLocation,subType,DataTypes::DataItemSubTypeEnum,public,true,MAIN,Observations::Observation::subType
Observations::EventTypes::ActiveProgramLocation,subType,DataTypes::DataItemSubTypeEnum,public,true,ACTIVE,Observations::Observation::subType
Observations::EventTypes::ProgramLocationType,type,DataTypes::DataItemTypeEnum,public,true,PROGRAM_LOCATION_TYPE,Observations::Observation::type
Observations::EventTypes::ScheduleProgramLocationType,subType,DataTypes::DataItemSubTypeEnum,public,true,SCHEDULE,Observations::Observation::subType
Observations::EventTypes::MainProgramLocationType,subType,DataTypes::DataItemSubTypeEnum,public,true,MAIN,Observations::Observation::subType
Observations::EventTypes::ActiveProgramLocationType,subType,DataTypes::DataItemSubTypeEnum,public,true,ACTIVE,Observations::Observation::subType
Observations::EventTypes::ProgramNestLevel,type,DataTypes::DataItemTypeEnum,public,true,PROGRAM_NEST_LEVEL,Observations::Observation::type
Observations::SampleTypes::Resistance,units,DataTypes::UnitEnum,public,true,OHM,Observations::Observation::units
Observations::SampleTypes::Resistance,type,DataTypes::DataItemTypeEnum,public,true,RESISTANCE,Observations::Observation::type
Observations::EventTypes::RotaryMode,type,DataTypes::DataItemTypeEnum,public,true,ROTARY_MODE,Observations::Observation::type
Observations::EventTypes::RotaryMode,value,Observations::EventTypes::RotaryModeEnum,public,false,,Observations::Observation::result
Observations::SampleTypes::RotaryVelocity,units,DataTypes::UnitEnum,public,true,REVOLUTION/MINUTE,Observations::Observation::units
Observations::SampleTypes::RotaryVelocity,type,DataTypes::DataItemTypeEnum,public,true,ROTARY_VELOCITY,Observations::Observation::type
Observations::SampleTypes::ActualRotaryVelocity,subType,DataTypes::DataItemSubTypeEnum,public,true,ACTUAL,Observations::Observation::subType
Observations::SampleTypes::CommandedRotaryVelocity,subType,DataTypes::DataItemSubTypeEnum,public,true,COMMANDED,Observations::Observation::subType
Observations::SampleTypes::ProgrammedRotaryVelocity,subType,DataTypes::DataItemSubTypeEnum,public,true,PROGRAMMED,Observations::Observation::subType
Observations::SampleTypes::OverrideRotaryVelocity,subType,DataTypes::DataItemSubTypeEnum,public,true,OVERRIDE,Observations::Observation::subType
Observations::EventTypes::RotaryVelocityOverride,type,DataTypes::DataItemTypeEnum,public,true,ROTARY_VELOCITY_OVERRIDE,Observations::Observation::type
Observations::EventTypes::SerialNumber,type,DataTypes::DataItemTypeEnum,public,true,SERIAL_NUMBER,Observations::Observation::type
Observations::SampleTypes::SoundLevel,units,DataTypes::UnitEnum,public,true,DECIBEL,Observations::Observation::units
Observations::SampleTypes::SoundLevel,type,DataTypes::DataItemTypeEnum,public,true,SOUND_LEVEL,Observations::Observation::type
Observations::SampleTypes::NoScaleSoundLevel,subType,DataTypes::DataItemSubTypeEnum,public,true,NO_SCALE,Observations::Observation::subType
Observations::SampleTypes::AScaleSoundLevel,subType,DataTypes::DataItemSubTypeEnum,public,true,A_SCALE,Observations::Observation::subType
Observations::SampleTypes::BScaleSoundLevel,subType,DataTypes::DataItemSubTypeEnum,public,true,B_SCALE,Observations::Observation::subType
Observations::SampleTypes::CScaleSoundLevel,subType,DataTypes::DataItemSubTypeEnum,public,true,C_SCALE,Observations::Observation::subType
Observations::SampleTypes::DScaleSoundLevel,subType,DataTypes::DataItemSubTypeEnum,public,true,D_SCALE,Observations::Observation::subType
Observations::EventTypes::SpindleInterlock,type,DataTypes::DataItemTypeEnum,public,true,SPINDLE_INTERLOCK,Observations::Observation::type
Observations::EventTypes::SpindleInterlock,value,Observations::EventTypes::ActuatorStateEnum,public,false,,Observations::Observation::result
Observations::SampleTypes::SpindleSpeed,units,DataTypes::UnitEnum,public,true,REVOLUTION/MINUTE,Observations::Observation::units
Observations::SampleTypes::SpindleSpeed,type,DataTypes::DataItemTypeEnum,public,true,SPINDLE_SPEED,Observations::Observation::type
Observations::SampleTypes::ActualSpindleSpeed,subType,DataTypes::DataItemSubTypeEnum,public,true,ACTUAL,Observations::Observation::subType
Observations::SampleTypes::CommandedSpindleSpeed,subType,DataTypes::DataItemSubTypeEnum,public,true,COMMANDED,Observations::Observation::subType
Observations::SampleTypes::OverrideSpindleSpeed,subType,DataTypes::DataItemSubTypeEnum,public,true,OVERRIDE,Observations::Observation::subType
Observations::SampleTypes::Strain,units,DataTypes::UnitEnum,public,true,PERCENT,Observations::Observation::units
Observations::SampleTypes::Strain,type,DataTypes::DataItemTypeEnum,public,true,STRAIN,Observations::Observation::type
Observations::ConditionTypes::System,type,DataTypes::DataItemTypeEnum,public,true,SYSTEM,Observations::Observation::type
Observations::SampleTypes::Temperature,units,DataTypes::UnitEnum,public,true,CELSIUS,Observations::Observation::units
Observations::SampleTypes::Temperature,type,DataTypes::DataItemTypeEnum,public,true,TEMPERATURE,Observations::Observation::type
Observations::SampleTypes::Tension,units,DataTypes::UnitEnum,public,true,NEWTON,Observations::Observation::units
Observations::SampleTypes::Tension,type,DataTypes::DataItemTypeEnum,public,true,TENSION,Observations::Observation::type
Observations::SampleTypes::Tilt,units,DataTypes::UnitEnum,public,true,MICRO_RADIAN,Observations::Observation::units
Observations::SampleTypes::Tilt,type,DataTypes::DataItemTypeEnum,public,true,TILT,Observations::Observation::type
Observations::EventTypes::ToolAssetId,type,DataTypes::DataItemTypeEnum,public,true,TOOL_ASSET_ID,Observations::Observation::type
Observations::EventTypes::ToolGroup,type,DataTypes::DataItemTypeEnum,public,true,TOOL_GROUP,Observations::Observation::type
Observations::EventTypes::ToolId,type,DataTypes::DataItemTypeEnum,public,true,TOOL_ID,Observations::Observation::type
Observations::EventTypes::ToolNumber,type,DataTypes::DataItemTypeEnum,public,true,TOOL_NUMBER,Observations::Observation::type
Observations::EventTypes::ToolOffset,type,DataTypes::DataItemTypeEnum,public,true,TOOL_OFFSET,Observations::Observation::type
Observations::EventTypes::RadialToolOffset,subType,DataTypes::DataItemSubTypeEnum,public,true,RADIAL,Observations::Observation::subType
Observations::EventTypes::LengthToolOffset,subType,DataTypes::DataItemSubTypeEnum,public,true,LENGTH,Observations::Observation::subType
Observations::SampleTypes::Torque,units,DataTypes::UnitEnum,public,true,NEWTON_METER,Observations::Observation::units
Observations::SampleTypes::Torque,type,DataTypes::DataItemTypeEnum,public,true,TORQUE,Observations::Observation::type
Observations::EventTypes::User,type,DataTypes::DataItemTypeEnum,public,true,USER,Observations::Observation::type
Observations::EventTypes::OperatorUser,subType,DataTypes::DataItemSubTypeEnum,public,true,OPERATOR,Observations::Observation::subType
Observations::EventTypes::MaintenanceUser,subType,DataTypes::DataItemSubTypeEnum,public,true,MAINTENANCE,Observations::Observation::subType
Observations::EventTypes::SetUpUser,subType,DataTypes::DataItemSubTypeEnum,public,true,SET_UP,Observations::Observation::subType
Observations::EventTypes::Variable,type,DataTypes::DataItemTypeEnum,public,true,VARIABLE,Observations::Observation::type
Observations::SampleTypes::Velocity,units,DataTypes::UnitEnum,public,true,MILLIMETER/SECOND,Observations::Observation::units
Observations::SampleTypes::Velocity,type,DataTypes::DataItemTypeEnum,public,true,VELOCITY,Observations::Observation::type
Observations::SampleTypes::Viscosity,units,DataTypes::UnitEnum,public,true,PASCAL_SECOND,Observations::Observation::units
Observations::SampleTypes::Viscosity,type,DataTypes::DataItemTypeEnum,public,true,VISCOSITY,Observations::Observation::type
Observations::SampleTypes::Voltage,units,DataTypes::UnitEnum,public,true,VOLT,Observations::Observation::units
Observations::SampleTypes::Voltage,type,DataTypes::DataItemTypeEnum,public,true,VOLTAGE,Observations::Observation::type
Observations::SampleTypes::AlternatingVoltage,subType,DataTypes::DataItemSubTypeEnum,public,true,ALTERNATING,Observations::Observation::subType
Observations::SampleTypes::DirectVoltage,subType,DataTypes::DataItemSubTypeEnum,public,true,DIRECT,Observations::Observation::subType
Observations::SampleTypes::ActualVoltage,subType,DataTypes::DataItemSubTypeEnum,public,true,ACTUAL,Observations::Observation::subType
Observations::SampleTypes::TargetVoltage,subType,DataTypes::DataItemSubTypeEnum,public,true,TARGET,Observations::Observation::subType
Observations::SampleTypes::VoltAmpere,units,DataTypes::UnitEnum,public,true,VOLT_AMPERE,Observations::Observation::units
Observations::SampleTypes::VoltAmpere,type,DataTypes::DataItemTypeEnum,public,true,VOLT_AMPERE,Observations::Observation::type
Observations::SampleTypes::VoltAmpereReactive,units,DataTypes::UnitEnum,public,true,VOLT_AMPERE_REACTIVE,Observations::Observation::units
Observations::SampleTypes::VoltAmpereReactive,type,DataTypes::DataItemTypeEnum,public,true,VOLT_AMPERE_REACTIVE,Observations::Observation::type
Observations::SampleTypes::VolumeFluid,units,DataTypes::UnitEnum,public,true,MILLILITER,Observations::Observation::units
Observations::SampleTypes::VolumeFluid,type,DataTypes::DataItemTypeEnum,public,true,VOLUME_FLUID,Observations::Observation::type
Observations::SampleTypes::ActualVolumeFluid,subType,DataTypes::DataItemSubTypeEnum,public,true,ACTUAL,Observations::Observation::subType
Observations::SampleTypes::ConsumedVolumeFluid,subType,DataTypes::DataItemSubTypeEnum,public,true,CONSUMED,Observations::Observation::subType
Observations::SampleTypes::VolumeSpatial,units,DataTypes::UnitEnum,public,true,CUBIC_MILLIMETER,Observations::Observation::units
Observations::SampleTypes::VolumeSpatial,type,DataTypes::DataItemTypeEnum,public,true,VOLUME_SPATIAL,Observations::Observation::type
Observations::SampleTypes::ActualVolumeSpatial,subType,DataTypes::DataItemSubTypeEnum,public,true,ACTUAL,Observations::Observation::subType
Observations::SampleTypes::ConsumedVolumeSpatial,subType,DataTypes::DataItemSubTypeEnum,public,true,CONSUMED,Observations::Observation::subType
Observations::EventTypes::WaitState,type,DataTypes::DataItemTypeEnum,public,true,WAIT_STATE,Observations::Observation::type
Observations::SampleTypes::Wattage,units,DataTypes::UnitEnum,public,true,WATT,Observations::Observation::units
Observations::SampleTypes::Wattage,type,DataTypes::DataItemTypeEnum,public,true,WATTAGE,Observations::Observation::type
Observations::SampleTypes::ActualWattage,subType,DataTypes::DataItemSubTypeEnum,public,true,ACTUAL,Observations::Observation::subType
Observations::SampleTypes::TargetWattage,subType,DataTypes::DataItemSubTypeEnum,public,true,TARGET,Observations::Observation::subType
Observations::EventTypes::Wire,type,DataTypes::DataItemTypeEnum,public,true,WIRE,Observations::Observation::type
Observations::EventTypes::WorkholdingId,type,DataTypes::DataItemTypeEnum,public,true,WORKHOLDING_ID,Observations::Observation::type
Observations::EventTypes::WorkOffset,type,DataTypes::DataItemTypeEnum,public,true,WORK_OFFSET,Observations::Observation::type
